  "a32GA000002ZoUkYAK",
  "a32GA000002ZoUlYAK",
  "a32GA000002ZoUmYAK",
  "a32GA000002ZoUnYAK",
  "a32GA000002ZoUoYAK",
  "a32GA000002ZoUpYAK",
  "a32GA000002ZoUqYAK",
  "a32GA000002ZoUrYAK",
  "a32GA000002ZoUsYAK",
  "a32GA000002ZoUtYAK",
  "a32GA000002ZoUuYAK",
  "a32GA000002ZoUvYAK",
  "a32GA000002ZoUwYAK",
  "a32GA000002ZoUxYAK",
  "a32GA000002ZoUyYAK",
  "a32GA000002ZoUzYAK",
  "a32GA000002ZoV0YAK",
  "a32GA000002ZoV1YAK",
  "a32GA000002ZoV2YAK",
  "a32GA000002ZoV3YAK",
  "a32GA000002ZoV4YAK",
  "a32GA000002ZoV5YAK",
  "a32GA000002ZoV6YAK",
  "a32GA000002ZoV7YAK",
  "a32GA000002ZoV8YAK",
  "a32GA000002ZoV9YAK",
  "a32GA000002ZoVAYA0",
  "a32GA000002ZoVBYA0",
  "a32GA000002ZoVCYA0",
  "a32GA000002ZoVDYA0",
  "a32GA000002ZoVEYA0",
  "a32GA000002ZoVFYA0",
  "a32GA000002ZoVGYA0",
  "a32GA000002ZoVHYA0",
  "a32GA000002ZoVIYA0",
  "a32GA000002ZoVJYA0",
  "a32GA000002ZoVKYA0",
  "a32GA000002ZoVLYA0",
  "a32GA000002ZoVMYA0",
  "a32GA000002ZoVNYA0",
  "a32GA000002ZoVOYA0",
  "a32GA000002ZoVPYA0",
  "a32GA000002ZoVQYA0",
  "a32GA000002ZoVRYA0",
  "a32GA000002ZoVSYA0",
  "a32GA000002ZoVTYA0",
  "a32GA000002ZoVUYA0",
  "a32GA000002ZoVVYA0",
  "a32GA000002ZoVWYA0",
  "a32GA000002ZoVXYA0",
  "a32GA000002ZoVYYA0",
  "a32GA000002ZoVZYA0",
  "a32GA000002ZoVaYAK",
  "a32GA000002ZoVbYAK",
  "a32GA000002ZoVcYAK",
  "a32GA000002ZoVdYAK",
  "a32GA000002ZoVeYAK",
  "a32GA000002ZoVfYAK",
  "a32GA000002ZoVgYAK",
  "a32GA000002ZoVhYAK",
  "a32GA000002ZoViYAK",
  "a32GA000002ZoVjYAK",
  "a32GA000002ZoVkYAK",
  "a32GA000002ZoVlYAK",
  "a32GA000002ZoVmYAK",
  "a32GA000002ZoVnYAK",
  "a32GA000002ZoVoYAK",
  "a32GA000002ZoVpYAK",
  "a32GA000002ZoVqYAK",
  "a32GA000002ZoVrYAK",
  "a32GA000002ZoVsYAK",
  "a32GA000002ZoVtYAK",
  "a32GA000002ZoVuYAK",
  "a32GA000002ZoVvYAK",
  "a32GA000002ZoVwYAK",
  "a32GA000002ZoVxYAK",
  "a32GA000002ZoVyYAK",
  "a32GA000002ZoVzYAK",
  "a32GA000002ZoW0YAK",
  "a32GA000002ZoW1YAK",
  "a32GA000002ZoW2YAK",
  "a32GA000002ZoW3YAK",
  "a32GA000002ZoW4YAK",
  "a32GA000002ZoW5YAK",
  "a32GA000002ZoW6YAK",
  "a32GA000002ZoW7YAK",
  "a32GA000002ZoW8YAK",
  "a32GA000002ZoW9YAK",
  "a32GA000002ZoWAYA0",
  "a32GA000002ZoWBYA0",
  "a32GA000002ZoWCYA0",
  "a32GA000002ZoWDYA0",
  "a32GA000002ZoWEYA0",
  "a32GA000002ZoWFYA0",
  "a32GA000002ZoWGYA0",
  "a32GA000002ZoWHYA0",
  "a32GA000002ZoWIYA0",
  "a32GA000002ZoWJYA0",
  "a32GA000002ZoWKYA0",
  "a32GA000002ZoWLYA0",
  "a32GA000002ZoWMYA0",
  "a32GA000002ZoWNYA0",
  "a32GA000002ZoWOYA0",
  "a32GA000002ZoWPYA0",
  "a32GA000002ZoWQYA0",
  "a32GA000002ZoWRYA0",
  "a32GA000002ZoWSYA0",
  "a32GA000002ZoWTYA0",
  "a32GA000002ZoWUYA0",
  "a32GA000002ZoWVYA0",
  "a32GA000002ZoWWYA0",
  "a32GA000002ZoWXYA0",
  "a32GA000002ZoWYYA0",
  "a32GA000002ZoWZYA0",
  "a32GA000002ZoWaYAK",
  "a32GA000002ZoWbYAK",
  "a32GA000002ZoWcYAK",
  "a32GA000002ZoWdYAK",
  "a32GA000002ZoWeYAK",
  "a32GA000002ZoWfYAK",
  "a32GA000002ZoWgYAK",
  "a32GA000002ZoWhYAK",
  "a32GA000002ZoWiYAK",
  "a32GA000002ZoWjYAK",
  "a32GA000002ZoWkYAK",
  "a32GA000002ZoWlYAK",
  "a32GA000002ZoWmYAK",
  "a32GA000002ZoWnYAK",
  "a32GA000002ZoWoYAK",
  "a32GA000002ZoWpYAK",
  "a32GA000002ZoWqYAK",
  "a32GA000002ZoWrYAK",
  "a32GA000002ZoWsYAK",
  "a32GA000002ZoWtYAK",
  "a32GA000002ZoWuYAK",
  "a32GA000002ZoWvYAK",
  "a32GA000002ZoWwYAK",
  "a32GA000002ZoWxYAK",
  "a32GA000002ZoWyYAK",
  "a32GA000002ZoWzYAK",
  "a32GA000002ZoX0YAK",
  "a32GA000002ZoX1YAK",
  "a32GA000002ZoX2YAK",
  "a32GA000002ZoX3YAK",
  "a32GA000002ZoX4YAK",
  "a32GA000002ZoX5YAK",
  "a32GA000002ZoX6YAK",
  "a32GA000002ZoX7YAK",
  "a32GA000002ZoX8YAK",
  "a32GA000002ZoX9YAK",
  "a32GA000002ZoXAYA0",
  "a32GA000002ZoXBYA0",
  "a32GA000002ZoXCYA0",
  "a32GA000002ZoXDYA0",
  "a32GA000002ZoXEYA0",
  "a32GA000002ZoXFYA0",
  "a32GA000002ZoXGYA0",
  "a32GA000002ZoXHYA0",
  "a32GA000002ZoXIYA0",
  "a32GA000002ZoXJYA0",
  "a32GA000002ZoXKYA0",
  "a32GA000002ZoXLYA0",
  "a32GA000002ZoXMYA0",
  "a32GA000002ZoXNYA0",
  "a32GA000002ZoXOYA0",
  "a32GA000002ZoXPYA0",
  "a32GA000002ZoXQYA0",
  "a32GA000002ZoXRYA0",
  "a32GA000002ZoXSYA0",
  "a32GA000002ZoXTYA0",
  "a32GA000002ZoXUYA0",
  "a32GA000002ZoXVYA0",
  "a32GA000002ZoXWYA0",
  "a32GA000002ZoXXYA0",
  "a32GA000002ZoXYYA0",
  "a32GA000002ZoXZYA0",
  "a32GA000002ZoXaYAK",
  "a32GA000002ZoXbYAK",
  "a32GA000002ZoXcYAK",
  "a32GA000002ZoXdYAK",
  "a32GA000002ZoXeYAK",
  "a32GA000002ZoXfYAK",
  "a32GA000002ZoXgYAK",
  "a32GA000002ZoXhYAK",
  "a32GA000002ZoXiYAK",
  "a32GA000002ZoXjYAK",
  "a32GA000002ZoXkYAK",
  "a32GA000002ZoXlYAK",
  "a32GA000002ZoXmYAK",
  "a32GA000002ZoXnYAK",
  "a32GA000002ZoXoYAK",
  "a32GA000002ZoXpYAK",
  "a32GA000002ZoXqYAK",
  "a32GA000002ZoXrYAK",
  "a32GA000002ZoXsYAK",
  "a32GA000002ZoXtYAK",
  "a32GA000002ZoXuYAK",
  "a32GA000002ZoXvYAK",
  "a32GA000002ZoXwYAK",
  "a32GA000002ZoXxYAK",
  "a32GA000002ZoXyYAK",
  "a32GA000002ZoXzYAK",
  "a32GA000002ZoY0YAK",
  "a32GA000002ZoY1YAK",
  "a32GA000002ZoY2YAK",
  "a32GA000002ZoY3YAK",
  "a32GA000002ZoY4YAK",
  "a32GA000002ZoY5YAK",
  "a32GA000002ZoY6YAK",
  "a32GA000002ZoY7YAK",
  "a32GA000002ZoY8YAK",
  "a32GA000002ZoY9YAK",
  "a32GA000002ZoYAYA0",
  "a32GA000002ZoYBYA0",
  "a32GA000002ZoYCYA0",
  "a32GA000002ZoYDYA0",
  "a32GA000002ZoYEYA0",
  "a32GA000002ZoYFYA0",
  "a32GA000002ZoYGYA0",
  "a32GA000002ZoYHYA0",
  "a32GA000002ZoYIYA0",
  "a32GA000002ZoYJYA0",
  "a32GA000002ZoYKYA0",
  "a32GA000002ZoYLYA0",
  "a32GA000002ZoYMYA0",
  "a32GA000002ZoYNYA0",
  "a32GA000002ZoYOYA0",
  "a32GA000002ZoYPYA0",
  "a32GA000002ZoYQYA0",
  "a32GA000002ZoYRYA0",
  "a32GA000002ZoYSYA0",
  "a32GA000002ZoYTYA0",
  "a32GA000002ZoYUYA0",
  "a32GA000002ZoYVYA0",
  "a32GA000002ZoYWYA0",
  "a32GA000002ZoYXYA0",
  "a32GA000002ZoYYYA0",
  "a32GA000002ZoYZYA0",
  "a32GA000002ZoYaYAK",
  "a32GA000002ZoYbYAK",
  "a32GA000002ZoYcYAK",
  "a32GA000002ZoYdYAK",
  "a32GA000002ZoYeYAK",
  "a32GA000002ZoYfYAK",
  "a32GA000002ZoYgYAK",
  "a32GA000002ZoYhYAK",
  "a32GA000002ZoYiYAK",
  "a32GA000002ZoYjYAK",
  "a32GA000002ZoYkYAK",
  "a32GA000002ZoYlYAK",
  "a32GA000002ZoYmYAK",
  "a32GA000002ZoYnYAK",
  "a32GA000002ZoYoYAK",
  "a32GA000002ZoYpYAK",
  "a32GA000002ZoYqYAK",
  "a32GA000002ZoYrYAK",
  "a32GA000002ZoYsYAK",
  "a32GA000002ZoYtYAK",
  "a32GA000002ZoYuYAK",
  "a32GA000002ZoYvYAK",
  "a32GA000002ZoYwYAK",
  "a32GA000002ZoYxYAK",
  "a32GA000002ZoYyYAK",
  "a32GA000002ZoYzYAK",
  "a32GA000002ZoZ0YAK",
  "a32GA000002ZoZ1YAK",
  "a32GA000002ZoZ2YAK",
  "a32GA000002ZoZ3YAK",
  "a32GA000002ZoZ4YAK",
  "a32GA000002ZoZ5YAK",
  "a32GA000002ZoZ6YAK",
  "a32GA000002ZoZ7YAK",
  "a32GA000002ZoZ8YAK",
  "a32GA000002ZoZ9YAK",
  "a32GA000002ZoZAYA0",
  "a32GA000002ZoZBYA0",
  "a32GA000002ZoZCYA0",
  "a32GA000002ZoZDYA0",
  "a32GA000002ZoZEYA0",
  "a32GA000002ZoZFYA0",
  "a32GA000002ZoZGYA0",
  "a32GA000002ZoZHYA0",
  "a32GA000002ZoZIYA0",
  "a32GA000002ZoZJYA0",
  "a32GA000002ZoZKYA0",
  "a32GA000002ZoZLYA0",
  "a32GA000002ZoZMYA0",
  "a32GA000002ZoZNYA0",
  "a32GA000002ZoZOYA0",
  "a32GA000002ZoZPYA0",
  "a32GA000002ZoZQYA0",
  "a32GA000002ZoZRYA0",
  "a32GA000002ZoZSYA0",
  "a32GA000002ZoZTYA0",
  "a32GA000002ZoZUYA0",
  "a32GA000002ZoZVYA0",
  "a32GA000002ZoZWYA0",
  "a32GA000002ZoZXYA0",
  "a32GA000002ZoZYYA0",
  "a32GA000002ZoZZYA0",
  "a32GA000002ZoZaYAK",
  "a32GA000002ZoZbYAK",
  "a32GA000002ZoZcYAK",
  "a32GA000002ZoZdYAK",
  "a32GA000002ZoZeYAK",
  "a32GA000002ZoZfYAK",
  "a32GA000002ZoZgYAK",
  "a32GA000002ZoZhYAK",
  "a32GA000002ZoZiYAK",
  "a32GA000002ZoZjYAK",
  "a32GA000002ZoZkYAK",
  "a32GA000002ZoZlYAK",
  "a32GA000002ZoZmYAK",
  "a32GA000002ZoZnYAK",
  "a32GA000002ZoZoYAK",
  "a32GA000002ZoZpYAK",
  "a32GA000002ZoZqYAK",
  "a32GA000002ZoZrYAK",
  "a32GA000002ZoZsYAK",
  "a32GA000002ZoZtYAK",
  "a32GA000002ZoZuYAK",
  "a32GA000002ZoZvYAK",
  "a32GA000002ZoZwYAK",
  "a32GA000002ZoZxYAK",
  "a32GA000002ZoZyYAK",
  "a32GA000002ZoZzYAK",
  "a32GA000002Zoa0YAC",
  "a32GA000002Zoa1YAC",
  "a32GA000002Zoa2YAC",
  "a32GA000002Zoa3YAC",
  "a32GA000002Zoa4YAC",
  "a32GA000002Zoa5YAC",
  "a32GA000002Zoa6YAC",
  "a32GA000002Zoa7YAC",
  "a32GA000002Zoa8YAC",
  "a32GA000002Zoa9YAC",
  "a32GA000002ZoaAYAS",
  "a32GA000002ZoaBYAS",
  "a32GA000002ZoaCYAS",
  "a32GA000002ZoaDYAS",
  "a32GA000002ZoaEYAS",
  "a32GA000002ZoaFYAS",
  "a32GA000002ZoaGYAS",
  "a32GA000002ZoaHYAS",
  "a32GA000002ZoaIYAS",
  "a32GA000002ZoaJYAS",
  "a32GA000002ZoaKYAS",
  "a32GA000002ZoaLYAS",
  "a32GA000002ZoaMYAS",
  "a32GA000002ZoaNYAS",
  "a32GA000002ZoaOYAS",
  "a32GA000002ZoaPYAS",
  "a32GA000002ZoaQYAS",
  "a32GA000002ZoaRYAS",
  "a32GA000002ZoaSYAS",
  "a32GA000002ZoaTYAS",
  "a32GA000002ZoaUYAS",
  "a32GA000002ZoaVYAS",
  "a32GA000002ZoaWYAS",
  "a32GA000002ZoaXYAS",
  "a32GA000002ZoaYYAS",
  "a32GA000002ZoaZYAS",
  "a32GA000002ZoaaYAC",
  "a32GA000002ZoabYAC",
  "a32GA000002ZoacYAC",
  "a32GA000002ZoadYAC",
  "a32GA000002ZoaeYAC",
  "a32GA000002ZoafYAC",
  "a32GA000002ZoagYAC",
  "a32GA000002ZoahYAC",
  "a32GA000002ZoaiYAC",
  "a32GA000002ZoajYAC",
  "a32GA000002ZoakYAC",
  "a32GA000002ZoalYAC",
  "a32GA000002ZoamYAC",
  "a32GA000002ZoanYAC",
  "a32GA000002ZoaoYAC",
  "a32GA000002ZoapYAC",
  "a32GA000002ZoaqYAC",
  "a32GA000002ZoarYAC",
  "a32GA000002ZoasYAC",
  "a32GA000002ZoatYAC",
  "a32GA000002ZoauYAC",
  "a32GA000002ZoavYAC",
  "a32GA000002ZoawYAC",
  "a32GA000002ZoaxYAC",
  "a32GA000002ZoayYAC",
  "a32GA000002ZoazYAC",
  "a32GA000002Zob0YAC",
  "a32GA000002Zob1YAC",
  "a32GA000002Zob2YAC",
  "a32GA000002Zob3YAC",
  "a32GA000002Zob4YAC",
  "a32GA000002Zob5YAC",
  "a32GA000002Zob6YAC",
  "a32GA000002Zob7YAC",
  "a32GA000002Zob8YAC",
  "a32GA000002Zob9YAC",
  "a32GA000002ZobAYAS",
  "a32GA000002ZobBYAS",
  "a32GA000002ZobCYAS",
  "a32GA000002ZobDYAS",
  "a32GA000002ZobEYAS",
  "a32GA000002ZobFYAS",
  "a32GA000002ZobGYAS",
  "a32GA000002ZobHYAS",
  "a32GA000002ZobIYAS",
  "a32GA000002ZobJYAS",
  "a32GA000002ZobKYAS",
  "a32GA000002ZobLYAS",
  "a32GA000002ZobMYAS",
  "a32GA000002ZobNYAS",
  "a32GA000002ZobOYAS",
  "a32GA000002ZobPYAS",
  "a32GA000002ZobQYAS",
  "a32GA000002ZobRYAS",
  "a32GA000002ZobSYAS",
  "a32GA000002ZobTYAS",
  "a32GA000002ZobUYAS",
  "a32GA000002ZobVYAS",
  "a32GA000002ZobWYAS",
  "a32GA000002ZobXYAS",
  "a32GA000002ZobYYAS",
  "a32GA000002ZobZYAS",
  "a32GA000002ZobaYAC",
  "a32GA000002ZobbYAC",
  "a32GA000002ZobcYAC",
  "a32GA000002ZobdYAC",
  "a32GA000002ZobeYAC",
  "a32GA000002ZobfYAC",
  "a32GA000002ZobgYAC",
  "a32GA000002ZobhYAC",
  "a32GA000002ZobiYAC",
  "a32GA000002ZobjYAC",
  "a32GA000002ZobkYAC",
  "a32GA000002ZoblYAC",
  "a32GA000002ZobmYAC",
  "a32GA000002ZobnYAC",
  "a32GA000002ZoboYAC",
  "a32GA000002ZobpYAC",
  "a32GA000002ZobqYAC",
  "a32GA000002ZobrYAC",
  "a32GA000002ZobsYAC",
  "a32GA000002ZobtYAC",
  "a32GA000002ZobuYAC",
  "a32GA000002ZobvYAC",
  "a32GA000002ZobwYAC",
  "a32GA000002ZobxYAC",
  "a32GA000002ZobyYAC",
  "a32GA000002ZobzYAC",
  "a32GA000002Zoc0YAC",
  "a32GA000002Zoc1YAC",
  "a32GA000002Zoc2YAC",
  "a32GA000002Zoc3YAC",
  "a32GA000002Zoc4YAC",
  "a32GA000002Zoc5YAC",
  "a32GA000002Zoc6YAC",
  "a32GA000002Zoc7YAC",
  "a32GA000002Zoc8YAC",
  "a32GA000002Zoc9YAC",
  "a32GA000002ZocAYAS",
  "a32GA000002ZocBYAS",
  "a32GA000002ZocCYAS",
  "a32GA000002ZocDYAS",
  "a32GA000002ZocEYAS",
  "a32GA000002ZocFYAS",
  "a32GA000002ZocGYAS",
  "a32GA000002ZocHYAS",
  "a32GA000002ZocIYAS",
  "a32GA000002ZocJYAS",
  "a32GA000002ZocKYAS",
  "a32GA000002ZocLYAS",
  "a32GA000002ZocMYAS",
  "a32GA000002ZocNYAS",
  "a32GA000002ZocOYAS",
  "a32GA000002ZocPYAS",
  "a32GA000002ZocQYAS",
  "a32GA000002ZocRYAS",
  "a32GA000002ZocSYAS",
  "a32GA000002ZocTYAS",
  "a32GA000002ZocUYAS",
  "a32GA000002ZocVYAS",
  "a32GA000002ZocWYAS",
  "a32GA000002ZocXYAS",
  "a32GA000002ZocYYAS",
  "a32GA000002ZocZYAS",
  "a32GA000002ZocaYAC",
  "a32GA000002ZocbYAC",
  "a32GA000002ZoccYAC",
  "a32GA000002ZocdYAC",
  "a32GA000002ZoceYAC",
  "a32GA000002ZocfYAC",
  "a32GA000002ZocgYAC",
  "a32GA000002ZochYAC",
  "a32GA000002ZociYAC",
  "a32GA000002ZocjYAC",
  "a32GA000002ZockYAC",
  "a32GA000002ZoclYAC",
  "a32GA000002ZocmYAC",
  "a32GA000002ZocnYAC",
  "a32GA000002ZocoYAC",
  "a32GA000002ZocpYAC",
  "a32GA000002ZocqYAC",
  "a32GA000002ZocrYAC",
  "a32GA000002ZocsYAC",
  "a32GA000002ZoctYAC",
  "a32GA000002ZocuYAC",
  "a32GA000002ZocvYAC",
  "a32GA000002ZocwYAC",
  "a32GA000002ZocxYAC",
  "a32GA000002ZocyYAC",
  "a32GA000002ZoczYAC",
  "a32GA000002Zod0YAC",
  "a32GA000002Zod1YAC",
  "a32GA000002Zod2YAC",
  "a32GA000002Zod3YAC",
  "a32GA000002Zod4YAC",
  "a32GA000002Zod5YAC",
  "a32GA000002Zod6YAC",
  "a32GA000002Zod7YAC",
  "a32GA000002Zod8YAC",
  "a32GA000002Zod9YAC",
  "a32GA000002ZodAYAS",
  "a32GA000002ZodBYAS",
  "a32GA000002ZodCYAS",
  "a32GA000002ZodDYAS",
  "a32GA000002ZodEYAS",
  "a32GA000002ZodFYAS",
  "a32GA000002ZodGYAS",
  "a32GA000002ZodHYAS",
  "a32GA000002ZodIYAS",
  "a32GA000002ZodJYAS",
  "a32GA000002ZodKYAS",
  "a32GA000002ZodLYAS",
  "a32GA000002ZodMYAS",
  "a32GA000002ZodNYAS",
  "a32GA000002ZodOYAS",
  "a32GA000002ZodPYAS",
  "a32GA000002ZodQYAS",
  "a32GA000002ZodRYAS",
  "a32GA000002ZodSYAS",
  "a32GA000002ZodTYAS",
  "a32GA000002ZodUYAS",
  "a32GA000002ZodVYAS",
  "a32GA000002ZodWYAS",
  "a32GA000002ZodXYAS",
  "a32GA000002ZodYYAS",
  "a32GA000002ZodZYAS",
  "a32GA000002ZodaYAC",
  "a32GA000002ZodbYAC",
  "a32GA000002ZodcYAC",
  "a32GA000002ZoddYAC",
  "a32GA000002ZodeYAC",
  "a32GA000002ZodfYAC",
  "a32GA000002ZodgYAC",
  "a32GA000002ZodhYAC",
  "a32GA000002ZodiYAC",
  "a32GA000002ZodjYAC",
  "a32GA000002ZodkYAC",
  "a32GA000002ZodlYAC",
  "a32GA000002ZodmYAC",
  "a32GA000002ZodnYAC",
  "a32GA000002ZodoYAC",
  "a32GA000002ZodpYAC",
  "a32GA000002ZodqYAC",
  "a32GA000002ZodrYAC",
  "a32GA000002ZodsYAC",
  "a32GA000002ZodtYAC",
  "a32GA000002ZoduYAC",
  "a32GA000002ZodvYAC",
  "a32GA000002ZodwYAC",
  "a32GA000002ZodxYAC",
  "a32GA000002ZodyYAC",
  "a32GA000002ZodzYAC",
  "a32GA000002Zoe0YAC",
  "a32GA000002Zoe1YAC",
  "a32GA000002Zoe2YAC",
  "a32GA000002Zoe3YAC",
  "a32GA000002Zoe4YAC",
  "a32GA000002Zoe5YAC",
  "a32GA000002Zoe6YAC",
  "a32GA000002Zoe7YAC",
  "a32GA000002Zoe8YAC",
  "a32GA000002Zoe9YAC",
  "a32GA000002ZoeAYAS",
  "a32GA000002ZoeBYAS",
  "a32GA000002ZoeCYAS",
  "a32GA000002ZoeDYAS",
  "a32GA000002ZoeEYAS",
  "a32GA000002ZoeFYAS",
  "a32GA000002ZoeGYAS",
  "a32GA000002ZoeHYAS",
  "a32GA000002ZoeIYAS",
  "a32GA000002ZoeJYAS",
  "a32GA000002ZoeKYAS",
  "a32GA000002ZoeLYAS",
  "a32GA000002ZoeMYAS",
  "a32GA000002ZoeNYAS",
  "a32GA000002ZoeOYAS",
  "a32GA000002ZoePYAS",
  "a32GA000002ZoeQYAS",
  "a32GA000002ZoeRYAS",
  "a32GA000002ZoeSYAS",
  "a32GA000002ZoeTYAS",
  "a32GA000002ZoeUYAS",
  "a32GA000002ZoeVYAS",
  "a32GA000002ZoeWYAS",
  "a32GA000002ZoeXYAS",
  "a32GA000002ZoeYYAS",
  "a32GA000002ZoeZYAS",
  "a32GA000002ZoeaYAC",
  "a32GA000002ZoebYAC",
  "a32GA000002ZoecYAC",
  "a32GA000002ZoedYAC",
  "a32GA000002ZoeeYAC",
  "a32GA000002ZoefYAC",
  "a32GA000002ZoegYAC",
  "a32GA000002ZoehYAC",
  "a32GA000002ZoeiYAC",
  "a32GA000002ZoejYAC",
  "a32GA000002ZoekYAC",
  "a32GA000002ZoelYAC",
  "a32GA000002ZoemYAC",
  "a32GA000002ZoenYAC",
  "a32GA000002ZoeoYAC",
  "a32GA000002ZoepYAC",
  "a32GA000002ZoeqYAC",
  "a32GA000002ZoerYAC",
  "a32GA000002ZoesYAC",
  "a32GA000002ZoetYAC",
  "a32GA000002ZoeuYAC",
  "a32GA000002ZoevYAC",
  "a32GA000002ZoewYAC",
  "a32GA000002ZoexYAC",
  "a32GA000002ZoeyYAC",
  "a32GA000002ZoezYAC",
  "a32GA000002Zof0YAC",
  "a32GA000002Zof1YAC",
  "a32GA000002Zof2YAC",
  "a32GA000002Zof3YAC",
  "a32GA000002Zof4YAC",
  "a32GA000002Zof5YAC",
  "a32GA000002Zof6YAC",
  "a32GA000002Zof7YAC",
  "a32GA000002Zof8YAC",
  "a32GA000002Zof9YAC",
  "a32GA000002ZofAYAS",
  "a32GA000002ZofBYAS",
  "a32GA000002ZofCYAS",
  "a32GA000002ZofDYAS",
  "a32GA000002ZofEYAS",
  "a32GA000002ZofFYAS",
  "a32GA000002ZofGYAS",
  "a32GA000002ZofHYAS",
  "a32GA000002ZofIYAS",
  "a32GA000002ZofJYAS",
  "a32GA000002ZofKYAS",
  "a32GA000002ZofLYAS",
  "a32GA000002ZofMYAS",
  "a32GA000002ZofNYAS",
  "a32GA000002ZofOYAS",
  "a32GA000002ZofPYAS",
  "a32GA000002ZofQYAS",
  "a32GA000002ZofRYAS",
  "a32GA000002ZofSYAS",
  "a32GA000002ZofTYAS",
  "a32GA000002ZofUYAS",
  "a32GA000002ZofVYAS",
  "a32GA000002ZofWYAS",
  "a32GA000002ZofXYAS",
  "a32GA000002ZofYYAS",
  "a32GA000002ZofZYAS",
  "a32GA000002ZofaYAC",
  "a32GA000002ZofbYAC",
  "a32GA000002ZofcYAC",
  "a32GA000002ZofdYAC",
  "a32GA000002ZofeYAC",
  "a32GA000002ZoffYAC",
  "a32GA000002ZofgYAC",
  "a32GA000002ZofhYAC",
  "a32GA000002ZofiYAC",
  "a32GA000002ZofjYAC",
  "a32GA000002ZofkYAC",
  "a32GA000002ZoflYAC",
  "a32GA000002ZofmYAC",
  "a32GA000002ZofnYAC",
  "a32GA000002ZofoYAC",
  "a32GA000002ZofpYAC",
  "a32GA000002ZofqYAC",
  "a32GA000002ZofrYAC",
  "a32GA000002ZofsYAC",
  "a32GA000002ZoftYAC",
  "a32GA000002ZofuYAC",
  "a32GA000002ZofvYAC",
  "a32GA000002ZofwYAC",
  "a32GA000002ZofxYAC",
  "a32GA000002ZofyYAC",
  "a32GA000002ZofzYAC",
  "a32GA000002Zog0YAC",
  "a32GA000002Zog1YAC",
  "a32GA000002Zog2YAC",
  "a32GA000002Zog3YAC",
  "a32GA000002Zog4YAC",
  "a32GA000002Zog5YAC",
  "a32GA000002Zog6YAC",
  "a32GA000002Zog7YAC",
  "a32GA000002Zog8YAC",
  "a32GA000002Zog9YAC",
  "a32GA000002ZogAYAS",
  "a32GA000002ZogBYAS",
  "a32GA000002ZogCYAS",
  "a32GA000002ZogDYAS",
  "a32GA000002ZogEYAS",
  "a32GA000002ZogFYAS",
  "a32GA000002ZogGYAS",
  "a32GA000002ZogHYAS",
  "a32GA000002ZogIYAS",
  "a32GA000002ZogJYAS",
  "a32GA000002ZogKYAS",
  "a32GA000002ZogLYAS",
  "a32GA000002ZogMYAS",
  "a32GA000002ZogNYAS",
  "a32GA000002ZogOYAS",
  "a32GA000002ZogPYAS",
  "a32GA000002ZogQYAS",
  "a32GA000002ZogRYAS",
  "a32GA000002ZogSYAS",
  "a32GA000002ZogTYAS",
  "a32GA000002ZogUYAS",
  "a32GA000002ZogVYAS",
  "a32GA000002ZogWYAS",
  "a32GA000002ZogXYAS",
  "a32GA000002ZogYYAS",
  "a32GA000002ZogZYAS",
  "a32GA000002ZogaYAC",
  "a32GA000002ZogbYAC",
  "a32GA000002ZogcYAC",
  "a32GA000002ZogdYAC",
  "a32GA000002ZogeYAC",
  "a32GA000002ZogfYAC",
  "a32GA000002ZoggYAC",
  "a32GA000002ZoghYAC",
  "a32GA000002ZogiYAC",
  "a32GA000002ZogjYAC",
  "a32GA000002ZogkYAC",
  "a32GA000002ZoglYAC",
  "a32GA000002ZogmYAC",
  "a32GA000002ZognYAC",
  "a32GA000002ZogoYAC",
  "a32GA000002ZogpYAC",
  "a32GA000002ZogqYAC",
  "a32GA000002ZogrYAC",
  "a32GA000002ZogsYAC",
  "a32GA000002ZogtYAC",
  "a32GA000002ZoguYAC",
  "a32GA000002ZogvYAC",
  "a32GA000002ZogwYAC",
  "a32GA000002ZogxYAC",
  "a32GA000002ZogyYAC",
  "a32GA000002ZogzYAC",
  "a32GA000002Zoh0YAC",
  "a32GA000002Zoh1YAC",
  "a32GA000002Zoh2YAC",
  "a32GA000002Zoh3YAC",
  "a32GA000002Zoh4YAC",
  "a32GA000002Zoh5YAC",
  "a32GA000002Zoh6YAC",
  "a32GA000002Zoh7YAC",
  "a32GA000002Zoh8YAC",
  "a32GA000002Zoh9YAC",
  "a32GA000002ZohAYAS",
  "a32GA000002ZohBYAS",
  "a32GA000002ZohCYAS",
  "a32GA000002ZohDYAS",
  "a32GA000002ZohEYAS",
  "a32GA000002ZohFYAS",
  "a32GA000002ZohGYAS",
  "a32GA000002ZohHYAS",
  "a32GA000002ZohIYAS",
  "a32GA000002ZohJYAS",
  "a32GA000002ZohKYAS",
  "a32GA000002ZohLYAS",
  "a32GA000002ZohMYAS",
  "a32GA000002ZohNYAS",
  "a32GA000002ZohOYAS",
  "a32GA000002ZohPYAS",
  "a32GA000002ZohQYAS",
  "a32GA000002ZohRYAS",
  "a32GA000002ZohSYAS",
  "a32GA000002ZohTYAS",
  "a32GA000002ZohUYAS",
  "a32GA000002ZohVYAS",
  "a32GA000002ZohWYAS",
  "a32GA000002ZohXYAS",
  "a32GA000002ZohYYAS",
  "a32GA000002ZohZYAS",
  "a32GA000002ZohaYAC",
  "a32GA000002ZohbYAC",
  "a32GA000002ZohcYAC",
  "a32GA000002ZohdYAC",
  "a32GA000002ZoheYAC",
  "a32GA000002ZohfYAC",
  "a32GA000002ZohgYAC",
  "a32GA000002ZohhYAC",
  "a32GA000002ZohiYAC",
  "a32GA000002ZohjYAC",
  "a32GA000002ZohkYAC",
  "a32GA000002ZohlYAC",
  "a32GA000002ZohmYAC",
  "a32GA000002ZohnYAC",
  "a32GA000002ZohoYAC",
  "a32GA000002ZohpYAC",
  "a32GA000002ZohqYAC",
  "a32GA000002ZohrYAC",
  "a32GA000002ZohsYAC",
  "a32GA000002ZohtYAC",
  "a32GA000002ZohuYAC",
  "a32GA000002ZohvYAC",
  "a32GA000002ZohwYAC",
  "a32GA000002ZohxYAC",
  "a32GA000002ZohyYAC",
  "a32GA000002ZohzYAC",
  "a32GA000002Zoi0YAC",
  "a32GA000002Zoi1YAC",
  "a32GA000002Zoi2YAC",
  "a32GA000002Zoi3YAC",
  "a32GA000002Zoi4YAC",
  "a32GA000002Zoi5YAC",
  "a32GA000002Zoi6YAC",
  "a32GA000002Zoi7YAC",
  "a32GA000002Zoi8YAC",
  "a32GA000002Zoi9YAC",
  "a32GA000002ZoiAYAS",
  "a32GA000002ZoiBYAS",
  "a32GA000002ZoiCYAS",
  "a32GA000002ZoiDYAS",
  "a32GA000002ZoiEYAS",
  "a32GA000002ZoiFYAS",
  "a32GA000002ZoiGYAS",
  "a32GA000002ZoiHYAS",
  "a32GA000002ZoiIYAS",
  "a32GA000002ZoiJYAS",
  "a32GA000002ZoiKYAS",
  "a32GA000002ZoiLYAS",
  "a32GA000002ZoiMYAS",
  "a32GA000002ZoiNYAS",
  "a32GA000002ZoiOYAS",
  "a32GA000002ZoiPYAS",
  "a32GA000002ZoiQYAS",
  "a32GA000002ZoiRYAS",
  "a32GA000002ZoiSYAS",
  "a32GA000002ZoiTYAS",
  "a32GA000002ZoiUYAS",
  "a32GA000002ZoiVYAS",
  "a32GA000002ZoiWYAS",
  "a32GA000002ZoiXYAS",
  "a32GA000002ZoiYYAS",
  "a32GA000002ZoiZYAS",
  "a32GA000002ZoiaYAC",
  "a32GA000002ZoibYAC",
  "a32GA000002ZoicYAC",
  "a32GA000002ZoidYAC",
  "a32GA000002ZoieYAC",
  "a32GA000002ZoifYAC",
  "a32GA000002ZoigYAC",
  "a32GA000002ZoihYAC",
  "a32GA000002ZoiiYAC",
  "a32GA000002ZoijYAC",
  "a32GA000002ZoikYAC",
  "a32GA000002ZoilYAC",
  "a32GA000002ZoimYAC",
  "a32GA000002ZoinYAC",
  "a32GA000002ZoioYAC",
  "a32GA000002ZoipYAC",
  "a32GA000002ZoiqYAC",
  "a32GA000002ZoirYAC",
  "a32GA000002ZoisYAC",
  "a32GA000002ZoitYAC",
  "a32GA000002ZoiuYAC",
  "a32GA000002ZoivYAC",
  "a32GA000002ZoiwYAC",
  "a32GA000002ZoixYAC",
  "a32GA000002ZoiyYAC",
  "a32GA000002ZoizYAC",
  "a32GA000002Zoj0YAC",
  "a32GA000002Zoj1YAC",
  "a32GA000002Zoj2YAC",
  "a32GA000002Zoj3YAC",
  "a32GA000002Zoj4YAC",
  "a32GA000002Zoj5YAC",
  "a32GA000002Zoj6YAC",
  "a32GA000002Zoj7YAC",
  "a32GA000002Zoj8YAC",
  "a32GA000002Zoj9YAC",
  "a32GA000002ZojAYAS",
  "a32GA000002ZojBYAS",
  "a32GA000002ZojCYAS",
  "a32GA000002ZojDYAS",
  "a32GA000002ZojEYAS",
  "a32GA000002ZojFYAS",
  "a32GA000002ZojGYAS",
  "a32GA000002ZojHYAS",
  "a32GA000002ZojIYAS",
  "a32GA000002ZojJYAS",
  "a32GA000002ZojKYAS",
  "a32GA000002ZojLYAS",
  "a32GA000002ZojMYAS",
  "a32GA000002ZojNYAS",
  "a32GA000002ZojOYAS",
  "a32GA000002ZojPYAS",
  "a32GA000002ZojQYAS",
  "a32GA000002ZojRYAS",
  "a32GA000002ZojSYAS",
  "a32GA000002ZojTYAS",
  "a32GA000002ZojUYAS",
  "a32GA000002ZojVYAS",
  "a32GA000002ZojWYAS",
  "a32GA000002ZojXYAS",
  "a32GA000002ZojYYAS",
  "a32GA000002ZojZYAS",
  "a32GA000002ZojaYAC",
  "a32GA000002ZojbYAC",
  "a32GA000002ZojcYAC",
  "a32GA000002ZojdYAC",
  "a32GA000002ZojeYAC",
  "a32GA000002ZojfYAC",
  "a32GA000002ZojgYAC",
  "a32GA000002ZojhYAC",
  "a32GA000002ZojiYAC",
  "a32GA000002ZojjYAC",
  "a32GA000002ZojkYAC",
  "a32GA000002ZojlYAC",
  "a32GA000002ZojmYAC",
  "a32GA000002ZojnYAC",
  "a32GA000002ZojoYAC",
  "a32GA000002ZojpYAC",
  "a32GA000002ZojqYAC",
  "a32GA000002ZojrYAC",
  "a32GA000002ZojsYAC",
  "a32GA000002ZojtYAC",
  "a32GA000002ZojuYAC",
  "a32GA000002ZojvYAC",
  "a32GA000002ZojwYAC",
  "a32GA000002ZojxYAC",
  "a32GA000002ZojyYAC",
  "a32GA000002ZojzYAC",
  "a32GA000002Zok0YAC",
  "a32GA000002Zok1YAC",
  "a32GA000002Zok2YAC",
  "a32GA000002Zok3YAC",
  "a32GA000002Zok4YAC",
  "a32GA000002Zok5YAC",
  "a32GA000002Zok6YAC",
  "a32GA000002Zok7YAC",
  "a32GA000002Zok8YAC",
  "a32GA000002Zok9YAC",
  "a32GA000002ZokAYAS",
  "a32GA000002ZokBYAS",
  "a32GA000002ZokCYAS",
  "a32GA000002ZokDYAS",
  "a32GA000002ZokEYAS",
  "a32GA000002ZokFYAS",
  "a32GA000002ZokGYAS",
  "a32GA000002ZokHYAS",
  "a32GA000002ZokIYAS",
  "a32GA000002ZokJYAS",
  "a32GA000002ZokKYAS",
  "a32GA000002ZokLYAS",
  "a32GA000002ZokMYAS",
  "a32GA000002ZokNYAS",
  "a32GA000002ZokOYAS",
  "a32GA000002ZokPYAS",
  "a32GA000002ZokQYAS",
  "a32GA000002ZokRYAS",
  "a32GA000002ZokSYAS",
  "a32GA000002ZokTYAS",
  "a32GA000002ZokUYAS",
  "a32GA000002ZokVYAS",
  "a32GA000002ZokWYAS",
  "a32GA000002ZokXYAS",
  "a32GA000002ZokYYAS",
  "a32GA000002ZokZYAS",
  "a32GA000002ZokaYAC",
  "a32GA000002ZokbYAC",
  "a32GA000002ZokcYAC",
  "a32GA000002ZokdYAC",
  "a32GA000002ZokeYAC",
  "a32GA000002ZokfYAC",
  "a32GA000002ZokgYAC",
  "a32GA000002ZokhYAC",
  "a32GA000002ZokiYAC",
  "a32GA000002ZokjYAC",
  "a32GA000002ZokkYAC",
  "a32GA000002ZoklYAC",
  "a32GA000002ZokmYAC",
  "a32GA000002ZoknYAC",
  "a32GA000002ZokoYAC",
  "a32GA000002ZokpYAC",
  "a32GA000002ZokqYAC",
  "a32GA000002ZokrYAC"
   